1,./aligned-images/shivam/6.png
1,./aligned-images/shivam/10.png
1,./aligned-images/shivam/1.png
1,./aligned-images/shivam/2.png
1,./aligned-images/shivam/14.png
1,./aligned-images/shivam/11.png
1,./aligned-images/shivam/3.png
1,./aligned-images/shivam/13.png
1,./aligned-images/shivam/7.png
1,./aligned-images/shivam/8.png
1,./aligned-images/shivam/9.png
1,./aligned-images/shivam/5.png
1,./aligned-images/shivam/12.png
1,./aligned-images/shivam/15.png
1,./aligned-images/shivam/4.png
2,./aligned-images/sub4/0004_2.png
2,./aligned-images/sub4/0004_1.png
2,./aligned-images/sub4/0004_6.png
2,./aligned-images/sub4/0004_4.png
3,./aligned-images/sub1/0000_00000001.png
3,./aligned-images/sub1/0000_00000002.png
3,./aligned-images/sub1/0000_00000004.png
4,./aligned-images/buddhi/2.png
4,./aligned-images/buddhi/6.png
4,./aligned-images/buddhi/3.png
4,./aligned-images/buddhi/1.png
4,./aligned-images/buddhi/4.png
4,./aligned-images/buddhi/5.png
5,./aligned-images/avish/7.png
5,./aligned-images/avish/6.png
5,./aligned-images/avish/3.png
5,./aligned-images/avish/2.png
5,./aligned-images/avish/1.png
5,./aligned-images/avish/4.png
5,./aligned-images/avish/5.png
6,./aligned-images/deepanshu/13.png
6,./aligned-images/deepanshu/17.png
6,./aligned-images/deepanshu/11.png
6,./aligned-images/deepanshu/18.png
6,./aligned-images/deepanshu/3.png
6,./aligned-images/deepanshu/16.png
6,./aligned-images/deepanshu/21.png
6,./aligned-images/deepanshu/19.png
6,./aligned-images/deepanshu/12.png
6,./aligned-images/deepanshu/10.png
6,./aligned-images/deepanshu/2.png
6,./aligned-images/deepanshu/1.png
6,./aligned-images/deepanshu/8.png
6,./aligned-images/deepanshu/20.png
6,./aligned-images/deepanshu/7.png
6,./aligned-images/deepanshu/4.png
6,./aligned-images/deepanshu/6.png
6,./aligned-images/deepanshu/9.png
6,./aligned-images/deepanshu/5.png
6,./aligned-images/deepanshu/15.png
6,./aligned-images/deepanshu/14.png
7,./aligned-images/sub2/0001_00000001.png
7,./aligned-images/sub2/0001_00000004.png
7,./aligned-images/sub2/0001_00000003.png
7,./aligned-images/sub2/0001_00000002.png
8,./aligned-images/rishabh/2.png
8,./aligned-images/rishabh/4.png
8,./aligned-images/rishabh/11.png
8,./aligned-images/rishabh/15.png
8,./aligned-images/rishabh/12.png
8,./aligned-images/rishabh/17.png
8,./aligned-images/rishabh/13.png
8,./aligned-images/rishabh/3.png
8,./aligned-images/rishabh/5.png
8,./aligned-images/rishabh/7.png
8,./aligned-images/rishabh/1.png
8,./aligned-images/rishabh/6.png
8,./aligned-images/rishabh/10.png
8,./aligned-images/rishabh/14.png
9,./aligned-images/sub5/0005_19.png
9,./aligned-images/sub5/0005_17.png
9,./aligned-images/sub5/0005_16.png
9,./aligned-images/sub5/0005_21.png
10,./aligned-images/sub3/0002_7.png
10,./aligned-images/sub3/0002_4.png
10,./aligned-images/sub3/0002_2.png
10,./aligned-images/sub3/0002_1.png
